stratum1,stratum2,stratum3,stratum4,stratum5,stratum6,stratum7
0.9120105938439461,0.061627773589448855,0.0177359830003019,0.004461331375525973,0.002981483417539601,0.001081392588544653,0.00010144218469288556